{"type": "Song", "objects": {"0": {"type": "StaffSystem", "objects": {"measures": {"0": {"type": "Measure", "objects": {"0": {"type": "Note", "objects": {"x": 0.19719992578029633, "y": 0.22549811005592346, "w": 0.012322783470153809, "h": 0.00778062641620636, "length": 1.0}}, "1": {"type": "Note", "objects": {"x": 0.19755753874778748, "y": 0.2396278828382492, "w": 0.012291312217712402, "h": 0.007767021656036377, "length": 1.0}}, "2": {"type": "Note", "objects": {"x": 0.24331670999526978, "y": 0.23282209038734436, "w": 0.012430652976036072, "h": 0.007923021912574768, "length": 1.0}}, "3": {"type": "Note", "objects": {"x": 0.2883285582065582, "y": 0.25168290734291077, "w": 0.012124359607696533, "h": 0.007339909672737122, "length": 1.0}}, "4": {"type": "Note", "objects": {"x": 0.28872305154800415, "y": 0.23024781048297882, "w": 0.01302725076675415, "h": 0.007126957178115845, "length": 1.0}}, "5": {"type": "Note", "objects": {"x": 0.3329259753227234, "y": 0.23844656348228455, "w": 0.012463480234146118, "h": 0.007029935717582703, "length": 1.0}}}}, "1": {"type": "Measure", "objects": {"0": {"type": "Note", "objects": {"x": 0.3874572515487671, "y": 0.2434108555316925, "w": 0.012108564376831055, "h": 0.007339701056480408, "length": 1.0}}, "1": {"type": "Note", "objects": {"x": 0.4402316212654114, "y": 0.23806217312812805, "w": 0.011037617921829224, "h": 0.007393673062324524, "length": 1.0}}, "2": {"type": "Note", "objects": {"x": 0.46646565198898315, "y": 0.23526909947395325, "w": 0.011600673198699951, "h": 0.006839096546173096, "length": 1.0}}, "3": {"type": "Note", "objects": {"x": 0.49172478914260864, "y": 0.2336139678955078, "w": 0.011087864637374878, "h": 0.007817506790161133, "length": 1.0}}}}, "2": {"type": "Measure", "objects": {"0": {"type": "Note", "objects": {"x": 0.5708082914352417, "y": 0.23151403665542603, "w": 0.011098206043243408, "h": 0.006982266902923584, "length": 1.0}}, "1": {"type": "Note", "objects": {"x": 0.5709874629974365, "y": 0.24913640320301056, "w": 0.011121094226837158, "h": 0.007015138864517212, "length": 1.0}}, "2": {"type": "Note", "objects": {"x": 0.620712161064148, "y": 0.24923104047775269, "w": 0.011007368564605713, "h": 0.00931297242641449, "length": 1.0}}, "3": {"type": "Note", "objects": {"x": 0.6208117008209229, "y": 0.2361665666103363, "w": 0.010991692543029785, "h": 0.0075393617153167725, "length": 1.0}}, "4": {"type": "Note", "objects": {"x": 0.6699643135070801, "y": 0.2511044144630432, "w": 0.01167219877243042, "h": 0.007049292325973511, "length": 1.0}}, "5": {"type": "Note", "objects": {"x": 0.670214056968689, "y": 0.23730628192424774, "w": 0.01149982213973999, "h": 0.007484912872314453, "length": 1.0}}, "6": {"type": "Note", "objects": {"x": 0.7038702964782715, "y": 0.24446117877960205, "w": 0.01189035177230835, "h": 0.007453322410583496, "length": 1.0}}}}, "3": {"type": "Measure", "objects": {"0": {"type": "Note", "objects": {"x": 0.7485037446022034, "y": 0.2445925772190094, "w": 0.011187911033630371, "h": 0.008392870426177979, "length": 1.0}}, "1": {"type": "Note", "objects": {"x": 0.8044751286506653, "y": 0.23666049540042877, "w": 0.012166857719421387, "h": 0.009273111820220947, "length": 1.0}}, "2": {"type": "Note", "objects": {"x": 0.8332013487815857, "y": 0.23182173073291779, "w": 0.0113447904586792, "h": 0.007596880197525024, "length": 1.0}}, "3": {"type": "Note", "objects": {"x": 0.8334521055221558, "y": 0.2488960176706314, "w": 0.012031614780426025, "h": 0.0066807568073272705, "length": 1.0}}, "4": {"type": "Note", "objects": {"x": 0.8611358404159546, "y": 0.228350430727005, "w": 0.010940730571746826, "h": 0.007167249917984009, "length": 1.0}}, "5": {"type": "Note", "objects": {"x": 0.8612265586853027, "y": 0.24566835165023804, "w": 0.010934412479400635, "h": 0.0073768943548202515, "length": 1.0}}}}}, "staffs": {"0": {"type": "staff", "objects": {"top": 0.22460488975048065, "bottom": 0.25368013978004456}}}, "boundaries": {"ymin": 0.0, "ymax": 0.2780339755117893}}}, "1": {"type": "StaffSystem", "objects": {"measures": {"0": {"type": "Measure", "objects": {"0": {"type": "Note", "objects": {"x": 0.19672760367393494, "y": 0.29416412115097046, "w": 0.012819305062294006, "h": 0.007331520318984985, "length": 1.0}}, "1": {"type": "Note", "objects": {"x": 0.24249693751335144, "y": 0.3015727400779724, "w": 0.012609407305717468, "h": 0.00746646523475647, "length": 1.0}}, "2": {"type": "Note", "objects": {"x": 0.2881756126880646, "y": 0.299187570810318, "w": 0.012392640113830566, "h": 0.007412254810333252, "length": 1.0}}, "3": {"type": "Note", "objects": {"x": 0.3325277864933014, "y": 0.3070865273475647, "w": 0.012189924716949463, "h": 0.007649451494216919, "length": 1.0}}}}, "1": {"type": "Measure", "objects": {"0": {"type": "Note", "objects": {"x": 0.38652175664901733, "y": 0.29739317297935486, "w": 0.012181252241134644, "h": 0.007507264614105225, "length": 1.0}}, "1": {"type": "Note", "objects": {"x": 0.41329094767570496, "y": 0.2950689196586609, "w": 0.012367665767669678, "h": 0.008099228143692017, "length": 1.0}}, "2": {"type": "Note", "objects": {"x": 0.46556541323661804, "y": 0.3037593960762024, "w": 0.011419534683227539, "h": 0.0077706873416900635, "length": 1.0}}, "3": {"type": "Note", "objects": {"x": 0.4911462664604187, "y": 0.30703872442245483, "w": 0.011312752962112427, "h": 0.006775349378585815, "length": 1.0}}, "4": {"type": "Note", "objects": {"x": 0.524620771408081, "y": 0.2908744812011719, "w": 0.011805474758148193, "h": 0.006973892450332642, "length": 1.0}}}}, "2": {"type": "Measure", "objects": {"0": {"type": "Note", "objects": {"x": 0.5698843002319336, "y": 0.29909026622772217, "w": 0.011572062969207764, "h": 0.007318228483200073, "length": 1.0}}, "1": {"type": "Note", "objects": {"x": 0.5946350693702698, "y": 0.3022976517677307, "w": 0.011338114738464355, "h": 0.007093220949172974, "length": 1.0}}, "2": {"type": "Note", "objects": {"x": 0.6197690963745117, "y": 0.2996893525123596, "w": 0.011765062808990479, "h": 0.007796198129653931, "length": 1.0}}, "3": {"type": "Note", "objects": {"x": 0.6441829800605774, "y": 0.3072141706943512, "w": 0.01149904727935791, "h": 0.007367074489593506, "length": 1.0}}, "4": {"type": "Note", "objects": {"x": 0.6690452098846436, "y": 0.3034939765930176, "w": 0.010931789875030518, "h": 0.00695386528968811, "length": 1.0}}, "5": {"type": "Note", "objects": {"x": 0.7025465369224548, "y": 0.3176613450050354, "w": 0.010916471481323242, "h": 0.006944090127944946, "length": 1.0}}}}, "3": {"type": "Measure", "objects": {"0": {"type": "Note", "objects": {"x": 0.7481235861778259, "y": 0.2968398332595825, "w": 0.011771917343139648, "h": 0.006619006395339966, "length": 1.0}}, "1": {"type": "Note", "objects": {"x": 0.8036353588104248, "y": 0.32195019721984863, "w": 0.012113869190216064, "h": 0.006974518299102783, "length": 1.0}}, "2": {"type": "Note", "objects": {"x": 0.8603125214576721, "y": 0.3109681010246277, "w": 0.011281251907348633, "h": 0.0063412487506866455, "length": 1.0}}}}}, "staffs": {"0": {"type": "staff", "objects": {"top": 0.3017329275608063, "bottom": 0.3321179449558258}}}, "boundaries": {"ymin": 0.2780339755117893, "ymax": 0.4048323854804039}}}, "2": {"type": "StaffSystem", "objects": {"measures": {"0": {"type": "Measure", "objects": {"0": {"type": "Note", "objects": {"x": 0.10421617329120636, "y": 0.5137343406677246, "w": 0.008404172956943512, "h": 0.006610989570617676, "length": 1.0}}, "1": {"type": "Note", "objects": {"x": 0.19346852600574493, "y": 0.4879927337169647, "w": 0.011469781398773193, "h": 0.00878208875656128, "length": 1.0}}, "2": {"type": "Note", "objects": {"x": 0.2563064694404602, "y": 0.4837738275527954, "w": 0.012424767017364502, "h": 0.007928162813186646, "length": 1.0}}, "3": {"type": "Note", "objects": {"x": 0.3189963102340698, "y": 0.49840033054351807, "w": 0.012638658285140991, "h": 0.007574886083602905, "length": 1.0}}, "4": {"type": "Note", "objects": {"x": 0.3194066286087036, "y": 0.48712337017059326, "w": 0.012152701616287231,